{
  "timestamp": "2026-04-27T09:49:28Z",
  "commit": "8dfa14e",
  "benchmarks": {
    "count_by_kind/10000": {
      "median_ns": 22.26036370097303
    },
    "count_by_kind/100000": {
      "median_ns": 22.26337386629293
    },
    "count_by_tag_e/10000": {
      "median_ns": 1145315.3112522685
    },
    "count_by_tag_e/100000": {
      "median_ns": 11890294.0
    },
    "count_empty_filter/10000": {
      "median_ns": 1147374.0654761905
    },
    "count_empty_filter/100000": {
      "median_ns": 11799765.3
    },
    "count_filter_union/10000": {
      "median_ns": 1155336.0604247104
    },
    "count_filter_union/100000": {
      "median_ns": 12044115.1
    },
    "deserialize_trusted": {
      "median_ns": 250.6672134203527
    },
    "hex_decode_64": {
      "median_ns": 33.63273911513197
    },
    "hex_encode_32": {
      "median_ns": 23.921123395145308
    },
    "parse_client_msg": {
      "median_ns": 1469.8025212598895
    },
    "query_by_author/10000": {
      "median_ns": 336253.6017622239
    },
    "query_by_author/100000": {
      "median_ns": 345485.2351851852
    },
    "query_by_kind/10000": {
      "median_ns": 401835.3757926661
    },
    "query_by_kind/100000": {
      "median_ns": 4327443.458333334
    },
    "query_by_tag_e/10000": {
      "median_ns": 436793.58730158734
    },
    "query_by_tag_e/100000": {
      "median_ns": 944243.2916666667
    },
    "serialize": {
      "median_ns": 187.53432461396733
    },
    "serialize_fast": {
      "median_ns": 89.08884506742811
    },
    "transcode_vs_deser/deser+json/10000": {
      "median_ns": 402134.5726495726
    },
    "transcode_vs_deser/deser+json/100000": {
      "median_ns": 4336846.916666666
    },
    "transcode_vs_deser/transcode/10000": {
      "median_ns": 402094.5035460993
    },
    "transcode_vs_deser/transcode/100000": {
      "median_ns": 4322107.583333333
    },
    "validate_event": {
      "median_ns": 49773.81907051282
    }
  }
}
