{
  "timestamp": "2026-04-08T11:06:32Z",
  "commit": "5a56c96",
  "benchmarks": {
    "deserialize_trusted": {
      "median_ns": 247.31165295916605
    },
    "hex_decode_64": {
      "median_ns": 29.731563994998872
    },
    "hex_encode_32": {
      "median_ns": 22.295395854774643
    },
    "parse_client_msg": {
      "median_ns": 1424.9027718054663
    },
    "query_by_author/10000": {
      "median_ns": 288116.9635668277
    },
    "query_by_author/100000": {
      "median_ns": 294783.890625
    },
    "query_by_kind/10000": {
      "median_ns": 342558.41422143974
    },
    "query_by_kind/100000": {
      "median_ns": 3648265.321428572
    },
    "query_by_tag_e/10000": {
      "median_ns": 308675.70211267605
    },
    "query_by_tag_e/100000": {
      "median_ns": 751758.9497549019
    },
    "serialize": {
      "median_ns": 177.2568167922107
    },
    "serialize_fast": {
      "median_ns": 68.24610099600821
    },
    "transcode_vs_deser/deser+json/10000": {
      "median_ns": 340856.9458781362
    },
    "transcode_vs_deser/deser+json/100000": {
      "median_ns": 3651761.6071428573
    },
    "transcode_vs_deser/transcode/10000": {
      "median_ns": 339914.74837962963
    },
    "transcode_vs_deser/transcode/100000": {
      "median_ns": 3647404.5714285714
    },
    "validate_event": {
      "median_ns": 40944.40927295918
    }
  }
}
