{
  "timestamp": "2026-04-27T21:27:26Z",
  "commit": "cc38930",
  "benchmarks": {
    "count_by_kind/10000": {
      "median_ns": 22.022481791689234
    },
    "count_by_kind/100000": {
      "median_ns": 21.988287470712876
    },
    "count_by_tag_e/10000": {
      "median_ns": 1015928.5131578947
    },
    "count_by_tag_e/100000": {
      "median_ns": 10503410.1
    },
    "count_empty_filter/10000": {
      "median_ns": 1044771.7333333334
    },
    "count_empty_filter/100000": {
      "median_ns": 10599267.0
    },
    "count_filter_union/10000": {
      "median_ns": 1026284.8160597573
    },
    "count_filter_union/100000": {
      "median_ns": 10507715.899999999
    },
    "deserialize_trusted": {
      "median_ns": 285.365975788917
    },
    "hex_decode_64": {
      "median_ns": 32.26983756282519
    },
    "hex_encode_32": {
      "median_ns": 22.101779770214954
    },
    "parse_client_msg": {
      "median_ns": 1390.5087126295048
    },
    "query_by_author/10000": {
      "median_ns": 348229.28221288515
    },
    "query_by_author/100000": {
      "median_ns": 358341.0256410256
    },
    "query_by_kind/10000": {
      "median_ns": 400922.828125
    },
    "query_by_kind/100000": {
      "median_ns": 4195557.958333333
    },
    "query_by_tag_e/10000": {
      "median_ns": 362682.1666666666
    },
    "query_by_tag_e/100000": {
      "median_ns": 815481.8503584228
    },
    "serialize": {
      "median_ns": 209.0791631895841
    },
    "serialize_fast": {
      "median_ns": 88.3601243220638
    },
    "transcode_vs_deser/deser+json/10000": {
      "median_ns": 399619.319047619
    },
    "transcode_vs_deser/deser+json/100000": {
      "median_ns": 4177362.6666666665
    },
    "transcode_vs_deser/transcode/10000": {
      "median_ns": 401974.8123611111
    },
    "transcode_vs_deser/transcode/100000": {
      "median_ns": 4219737.875
    },
    "validate_event": {
      "median_ns": 44410.72877225051
    }
  }
}
