{
  "timestamp": "2026-05-11T13:27:34Z",
  "commit": "61e43a5",
  "benchmarks": {
    "count_by_kind/10000": {
      "median_ns": 23.316430612436932
    },
    "count_by_kind/100000": {
      "median_ns": 23.261665119496456
    },
    "count_by_tag_e/10000": {
      "median_ns": 1106032.853174603
    },
    "count_by_tag_e/100000": {
      "median_ns": 11353692.4
    },
    "count_empty_filter/10000": {
      "median_ns": 1106428.2097165992
    },
    "count_empty_filter/100000": {
      "median_ns": 11319580.3
    },
    "count_filter_union/10000": {
      "median_ns": 1115410.443328551
    },
    "count_filter_union/100000": {
      "median_ns": 11378890.0
    },
    "deserialize_trusted": {
      "median_ns": 252.66172137356568
    },
    "hex_decode_64": {
      "median_ns": 32.9970709015318
    },
    "hex_encode_32": {
      "median_ns": 24.65129041190566
    },
    "parse_client_msg": {
      "median_ns": 1483.3829179111403
    },
    "query_by_author/10000": {
      "median_ns": 344981.99499591504
    },
    "query_by_author/100000": {
      "median_ns": 352055.269218107
    },
    "query_by_kind/10000": {
      "median_ns": 412422.70089285716
    },
    "query_by_kind/100000": {
      "median_ns": 4433007.625
    },
    "query_by_tag_e/10000": {
      "median_ns": 425512.76467136154
    },
    "query_by_tag_e/100000": {
      "median_ns": 939298.4839130435
    },
    "serialize": {
      "median_ns": 190.0870704855194
    },
    "serialize_fast": {
      "median_ns": 88.8433870066908
    },
    "transcode_vs_deser/deser+json/10000": {
      "median_ns": 408402.8783068783
    },
    "transcode_vs_deser/deser+json/100000": {
      "median_ns": 4442599.291666666
    },
    "transcode_vs_deser/transcode/10000": {
      "median_ns": 408879.89842171717
    },
    "transcode_vs_deser/transcode/100000": {
      "median_ns": 4423231.5
    },
    "validate_event": {
      "median_ns": 44282.26210027474
    }
  }
}
