{
  "timestamp": "2026-04-06T14:04:28Z",
  "commit": "749053b",
  "benchmarks": {
    "deserialize_trusted": {
      "median_ns": 273.92872192589266
    },
    "hex_decode_64": {
      "median_ns": 32.35564991942107
    },
    "hex_encode_32": {
      "median_ns": 21.416503672123504
    },
    "parse_client_msg": {
      "median_ns": 1410.1072566055877
    },
    "query_by_author/10000": {
      "median_ns": 343098.2166666667
    },
    "query_by_author/100000": {
      "median_ns": 360510.40397184517
    },
    "query_by_kind/10000": {
      "median_ns": 392877.31216931215
    },
    "query_by_kind/100000": {
      "median_ns": 4138664.375
    },
    "query_by_tag_e/10000": {
      "median_ns": 354598.73796791444
    },
    "query_by_tag_e/100000": {
      "median_ns": 814150.2759552991
    },
    "serialize": {
      "median_ns": 208.7254903843077
    },
    "serialize_fast": {
      "median_ns": 84.00061678311171
    },
    "transcode_vs_deser/deser+json/10000": {
      "median_ns": 401338.88425925927
    },
    "transcode_vs_deser/deser+json/100000": {
      "median_ns": 4187548.3333333335
    },
    "transcode_vs_deser/transcode/10000": {
      "median_ns": 403942.7361111111
    },
    "transcode_vs_deser/transcode/100000": {
      "median_ns": 4223096.375
    },
    "validate_event": {
      "median_ns": 44356.330849813734
    }
  }
}
