{
  "timestamp": "2026-05-11T15:04:06Z",
  "commit": "8880aa1",
  "benchmarks": {
    "count_by_kind/10000": {
      "median_ns": 18.186641525915498
    },
    "count_by_kind/100000": {
      "median_ns": 18.19165247858101
    },
    "count_by_tag_e/10000": {
      "median_ns": 895776.5873015872
    },
    "count_by_tag_e/100000": {
      "median_ns": 9323640.0
    },
    "count_empty_filter/10000": {
      "median_ns": 904316.0817307692
    },
    "count_empty_filter/100000": {
      "median_ns": 9500964.75
    },
    "count_filter_union/10000": {
      "median_ns": 906459.0714285714
    },
    "count_filter_union/100000": {
      "median_ns": 9446485.25
    },
    "deserialize_trusted": {
      "median_ns": 202.64320385681066
    },
    "hex_decode_64": {
      "median_ns": 25.580340627276506
    },
    "hex_encode_32": {
      "median_ns": 19.097561297721427
    },
    "parse_client_msg": {
      "median_ns": 1167.268302869497
    },
    "query_by_author/10000": {
      "median_ns": 284924.8738839286
    },
    "query_by_author/100000": {
      "median_ns": 284582.2113095238
    },
    "query_by_kind/10000": {
      "median_ns": 325660.6080901857
    },
    "query_by_kind/100000": {
      "median_ns": 3491839.533333333
    },
    "query_by_tag_e/10000": {
      "median_ns": 328330.75751366117
    },
    "query_by_tag_e/100000": {
      "median_ns": 725251.45
    },
    "serialize": {
      "median_ns": 147.77900623735007
    },
    "serialize_fast": {
      "median_ns": 70.90093765001762
    },
    "transcode_vs_deser/deser+json/10000": {
      "median_ns": 316577.73636185244
    },
    "transcode_vs_deser/deser+json/100000": {
      "median_ns": 3441468.433333333
    },
    "transcode_vs_deser/transcode/10000": {
      "median_ns": 316266.4915433404
    },
    "transcode_vs_deser/transcode/100000": {
      "median_ns": 3439489.2
    },
    "validate_event": {
      "median_ns": 34294.42240150417
    }
  }
}
