{
  "timestamp": "2026-04-05T06:22:48Z",
  "commit": "8a0e9a2",
  "benchmarks": {
    "deserialize_trusted": {
      "median_ns": 258.8364111504187
    },
    "hex_decode_64": {
      "median_ns": 32.336234342316274
    },
    "hex_encode_32": {
      "median_ns": 22.110306894691526
    },
    "parse_client_msg": {
      "median_ns": 1510.619863671275
    },
    "query_by_author/10000": {
      "median_ns": 340646.5163906142
    },
    "query_by_author/100000": {
      "median_ns": 351932.41950757575
    },
    "query_by_kind/10000": {
      "median_ns": 397610.9285714286
    },
    "query_by_kind/100000": {
      "median_ns": 4092873.769230769
    },
    "query_by_tag_e/10000": {
      "median_ns": 353699.686811711
    },
    "query_by_tag_e/100000": {
      "median_ns": 811463.4587604846
    },
    "serialize": {
      "median_ns": 207.67529088686882
    },
    "serialize_fast": {
      "median_ns": 84.59052616737517
    },
    "transcode_vs_deser/deser+json/10000": {
      "median_ns": 405782.8333333333
    },
    "transcode_vs_deser/deser+json/100000": {
      "median_ns": 4213303.625
    },
    "transcode_vs_deser/transcode/10000": {
      "median_ns": 402950.8111111111
    },
    "transcode_vs_deser/transcode/100000": {
      "median_ns": 4195125.615384616
    },
    "validate_event": {
      "median_ns": 44439.147031323046
    }
  }
}
