{
  "timestamp": "2026-04-09T15:49:02Z",
  "commit": "e50ff65",
  "benchmarks": {
    "deserialize_trusted": {
      "median_ns": 261.33595151943047
    },
    "hex_decode_64": {
      "median_ns": 32.89395754999599
    },
    "hex_encode_32": {
      "median_ns": 22.411569628163743
    },
    "parse_client_msg": {
      "median_ns": 1451.9562557710065
    },
    "query_by_author/10000": {
      "median_ns": 346264.821969697
    },
    "query_by_author/100000": {
      "median_ns": 357990.2944444445
    },
    "query_by_kind/10000": {
      "median_ns": 398935.4457575758
    },
    "query_by_kind/100000": {
      "median_ns": 4196279.333333333
    },
    "query_by_tag_e/10000": {
      "median_ns": 357114.59722222225
    },
    "query_by_tag_e/100000": {
      "median_ns": 808470.5987103174
    },
    "serialize": {
      "median_ns": 206.61374266446344
    },
    "serialize_fast": {
      "median_ns": 88.67979419447704
    },
    "transcode_vs_deser/deser+json/10000": {
      "median_ns": 396334.375
    },
    "transcode_vs_deser/deser+json/100000": {
      "median_ns": 4112362.846153846
    },
    "transcode_vs_deser/transcode/10000": {
      "median_ns": 402248.1
    },
    "transcode_vs_deser/transcode/100000": {
      "median_ns": 4187688.083333333
    },
    "validate_event": {
      "median_ns": 44438.27248447205
    }
  }
}
