{
  "timestamp": "2026-04-15T10:32:32Z",
  "commit": "e2de101",
  "benchmarks": {
    "deserialize_trusted": {
      "median_ns": 250.9070102095825
    },
    "hex_decode_64": {
      "median_ns": 32.37839288084072
    },
    "hex_encode_32": {
      "median_ns": 21.4094114803996
    },
    "parse_client_msg": {
      "median_ns": 1384.6242632066328
    },
    "query_by_author/10000": {
      "median_ns": 350511.3912037037
    },
    "query_by_author/100000": {
      "median_ns": 363255.27777777775
    },
    "query_by_kind/10000": {
      "median_ns": 397523.8666666667
    },
    "query_by_kind/100000": {
      "median_ns": 4146661.192307692
    },
    "query_by_tag_e/10000": {
      "median_ns": 364731.1007751938
    },
    "query_by_tag_e/100000": {
      "median_ns": 816376.6785714286
    },
    "serialize": {
      "median_ns": 203.79484101441813
    },
    "serialize_fast": {
      "median_ns": 88.61301031454937
    },
    "transcode_vs_deser/deser+json/10000": {
      "median_ns": 402856.2837921435
    },
    "transcode_vs_deser/deser+json/100000": {
      "median_ns": 4164407.9615384615
    },
    "transcode_vs_deser/transcode/10000": {
      "median_ns": 404941.1884920635
    },
    "transcode_vs_deser/transcode/100000": {
      "median_ns": 4140320.5
    },
    "validate_event": {
      "median_ns": 44383.14763285024
    }
  }
}
