{
  "timestamp": "2026-04-30T13:37:17Z",
  "commit": "e23f952",
  "benchmarks": {
    "count_by_kind/10000": {
      "median_ns": 23.276860117660032
    },
    "count_by_kind/100000": {
      "median_ns": 23.264728060327172
    },
    "count_by_tag_e/10000": {
      "median_ns": 1123536.7945998071
    },
    "count_by_tag_e/100000": {
      "median_ns": 11437267.1
    },
    "count_empty_filter/10000": {
      "median_ns": 1118688.8730158731
    },
    "count_empty_filter/100000": {
      "median_ns": 11404257.2
    },
    "count_filter_union/10000": {
      "median_ns": 1121770.181081081
    },
    "count_filter_union/100000": {
      "median_ns": 11455748.3
    },
    "deserialize_trusted": {
      "median_ns": 271.7263468732169
    },
    "hex_decode_64": {
      "median_ns": 33.04092200870819
    },
    "hex_encode_32": {
      "median_ns": 24.630953656430307
    },
    "parse_client_msg": {
      "median_ns": 1475.5509119735339
    },
    "query_by_author/10000": {
      "median_ns": 345516.20583372697
    },
    "query_by_author/100000": {
      "median_ns": 357208.90223546943
    },
    "query_by_kind/10000": {
      "median_ns": 414124.1832347869
    },
    "query_by_kind/100000": {
      "median_ns": 4407006.25
    },
    "query_by_tag_e/10000": {
      "median_ns": 439685.6785522428
    },
    "query_by_tag_e/100000": {
      "median_ns": 950468.4681818183
    },
    "serialize": {
      "median_ns": 192.9417385396044
    },
    "serialize_fast": {
      "median_ns": 91.21555387078556
    },
    "transcode_vs_deser/deser+json/10000": {
      "median_ns": 408715.1544166906
    },
    "transcode_vs_deser/deser+json/100000": {
      "median_ns": 4462114.041666667
    },
    "transcode_vs_deser/transcode/10000": {
      "median_ns": 413890.2824378655
    },
    "transcode_vs_deser/transcode/100000": {
      "median_ns": 4451174.541666667
    },
    "validate_event": {
      "median_ns": 44254.837163561075
    }
  }
}
