{
  "timestamp": "2026-04-06T10:16:27Z",
  "commit": "bf00b78",
  "benchmarks": {
    "deserialize_trusted": {
      "median_ns": 267.3482463374161
    },
    "hex_decode_64": {
      "median_ns": 32.367645124082955
    },
    "hex_encode_32": {
      "median_ns": 29.643258741527468
    },
    "parse_client_msg": {
      "median_ns": 1445.9988433760484
    },
    "query_by_author/10000": {
      "median_ns": 351525.9137254902
    },
    "query_by_author/100000": {
      "median_ns": 362312.3020833334
    },
    "query_by_kind/10000": {
      "median_ns": 401526.5333333333
    },
    "query_by_kind/100000": {
      "median_ns": 4193400.576923077
    },
    "query_by_tag_e/10000": {
      "median_ns": 356172.9352057157
    },
    "query_by_tag_e/100000": {
      "median_ns": 811247.7937000887
    },
    "serialize": {
      "median_ns": 208.47546273733374
    },
    "serialize_fast": {
      "median_ns": 84.40036107402852
    },
    "transcode_vs_deser/deser+json/10000": {
      "median_ns": 398567.7801932367
    },
    "transcode_vs_deser/deser+json/100000": {
      "median_ns": 4111487.0
    },
    "transcode_vs_deser/transcode/10000": {
      "median_ns": 396989.3188888889
    },
    "transcode_vs_deser/transcode/100000": {
      "median_ns": 4133415.884615385
    },
    "validate_event": {
      "median_ns": 44430.91774098416
    }
  }
}
