{
  "timestamp": "2026-04-05T09:11:50Z",
  "commit": "c6a4f6f",
  "benchmarks": {
    "deserialize_trusted": {
      "median_ns": 252.8505663936118
    },
    "hex_decode_64": {
      "median_ns": 32.368068784330426
    },
    "hex_encode_32": {
      "median_ns": 22.109218298835053
    },
    "parse_client_msg": {
      "median_ns": 1407.6585950951276
    },
    "query_by_author/10000": {
      "median_ns": 342034.5119047619
    },
    "query_by_author/100000": {
      "median_ns": 357355.42405063286
    },
    "query_by_kind/10000": {
      "median_ns": 395527.09055555554
    },
    "query_by_kind/100000": {
      "median_ns": 4080495.166666667
    },
    "query_by_tag_e/10000": {
      "median_ns": 353224.14852941176
    },
    "query_by_tag_e/100000": {
      "median_ns": 816124.0378048781
    },
    "serialize": {
      "median_ns": 206.31152030480192
    },
    "serialize_fast": {
      "median_ns": 85.0341797969437
    },
    "transcode_vs_deser/deser+json/10000": {
      "median_ns": 407527.4119047619
    },
    "transcode_vs_deser/deser+json/100000": {
      "median_ns": 4212901.208333334
    },
    "transcode_vs_deser/transcode/10000": {
      "median_ns": 400915.48310657596
    },
    "transcode_vs_deser/transcode/100000": {
      "median_ns": 4162704.9615384615
    },
    "validate_event": {
      "median_ns": 44430.132943143806
    }
  }
}
