{
  "timestamp": "2026-05-11T13:29:38Z",
  "commit": "b3d1cb3",
  "benchmarks": {
    "count_by_kind/10000": {
      "median_ns": 22.204621745336205
    },
    "count_by_kind/100000": {
      "median_ns": 22.24643857241737
    },
    "count_by_tag_e/10000": {
      "median_ns": 1042581.1875
    },
    "count_by_tag_e/100000": {
      "median_ns": 10676038.0
    },
    "count_empty_filter/10000": {
      "median_ns": 1034630.7333333334
    },
    "count_empty_filter/100000": {
      "median_ns": 10630742.600000001
    },
    "count_filter_union/10000": {
      "median_ns": 1035721.1374458874
    },
    "count_filter_union/100000": {
      "median_ns": 10686131.0
    },
    "deserialize_trusted": {
      "median_ns": 274.73212894880174
    },
    "hex_decode_64": {
      "median_ns": 32.323780299109856
    },
    "hex_encode_32": {
      "median_ns": 22.123229413350195
    },
    "parse_client_msg": {
      "median_ns": 1407.766006993836
    },
    "query_by_author/10000": {
      "median_ns": 345339.9451345756
    },
    "query_by_author/100000": {
      "median_ns": 357560.6014492754
    },
    "query_by_kind/10000": {
      "median_ns": 394543.37466329965
    },
    "query_by_kind/100000": {
      "median_ns": 4193129.833333333
    },
    "query_by_tag_e/10000": {
      "median_ns": 374077.89473684214
    },
    "query_by_tag_e/100000": {
      "median_ns": 823618.9766113516
    },
    "serialize": {
      "median_ns": 208.4902978772455
    },
    "serialize_fast": {
      "median_ns": 84.4829415149398
    },
    "transcode_vs_deser/deser+json/10000": {
      "median_ns": 399876.2033163265
    },
    "transcode_vs_deser/deser+json/100000": {
      "median_ns": 4197060.916666667
    },
    "transcode_vs_deser/transcode/10000": {
      "median_ns": 401594.56258890475
    },
    "transcode_vs_deser/transcode/100000": {
      "median_ns": 4201166.166666666
    },
    "validate_event": {
      "median_ns": 39564.95953623188
    }
  }
}
