{
  "timestamp": "2026-04-15T16:32:48Z",
  "commit": "dbb2e02",
  "benchmarks": {
    "count_by_kind/10000": {
      "median_ns": 21.04193863129438
    },
    "count_by_kind/100000": {
      "median_ns": 23.17557433761695
    },
    "count_by_tag_e/10000": {
      "median_ns": 1043061.8341269841
    },
    "count_by_tag_e/100000": {
      "median_ns": 10573655.5
    },
    "count_empty_filter/10000": {
      "median_ns": 1037557.3545454545
    },
    "count_empty_filter/100000": {
      "median_ns": 10726734.6
    },
    "count_filter_union/10000": {
      "median_ns": 1045280.5958296362
    },
    "count_filter_union/100000": {
      "median_ns": 10654249.1
    },
    "deserialize_trusted": {
      "median_ns": 254.901166700522
    },
    "hex_decode_64": {
      "median_ns": 32.92459053797819
    },
    "hex_encode_32": {
      "median_ns": 22.405816026064727
    },
    "parse_client_msg": {
      "median_ns": 1346.0998904279165
    },
    "query_by_author/10000": {
      "median_ns": 340248.0653846154
    },
    "query_by_author/100000": {
      "median_ns": 351419.31944444444
    },
    "query_by_kind/10000": {
      "median_ns": 387234.58871308016
    },
    "query_by_kind/100000": {
      "median_ns": 4010511.884615385
    },
    "query_by_tag_e/10000": {
      "median_ns": 350143.65577342047
    },
    "query_by_tag_e/100000": {
      "median_ns": 815292.7590361446
    },
    "serialize": {
      "median_ns": 207.31628596032044
    },
    "serialize_fast": {
      "median_ns": 86.67940805114561
    },
    "transcode_vs_deser/deser+json/10000": {
      "median_ns": 392268.095959596
    },
    "transcode_vs_deser/deser+json/100000": {
      "median_ns": 4074201.653846154
    },
    "transcode_vs_deser/transcode/10000": {
      "median_ns": 386806.7291666666
    },
    "transcode_vs_deser/transcode/100000": {
      "median_ns": 4048051.3846153845
    },
    "validate_event": {
      "median_ns": 44396.757905138336
    }
  }
}
