{
  "timestamp": "2026-04-14T09:54:51Z",
  "commit": "805baa3",
  "benchmarks": {
    "deserialize_trusted": {
      "median_ns": 264.57576509756325
    },
    "hex_decode_64": {
      "median_ns": 32.9360928698399
    },
    "hex_encode_32": {
      "median_ns": 22.42078715446783
    },
    "parse_client_msg": {
      "median_ns": 1419.1825892159416
    },
    "query_by_author/10000": {
      "median_ns": 349364.5252525252
    },
    "query_by_author/100000": {
      "median_ns": 354195.9693084693
    },
    "query_by_kind/10000": {
      "median_ns": 395990.8053494125
    },
    "query_by_kind/100000": {
      "median_ns": 4151307.458333333
    },
    "query_by_tag_e/10000": {
      "median_ns": 362688.78407557355
    },
    "query_by_tag_e/100000": {
      "median_ns": 820402.8637809963
    },
    "serialize": {
      "median_ns": 206.72821958920412
    },
    "serialize_fast": {
      "median_ns": 88.3377743160289
    },
    "transcode_vs_deser/deser+json/10000": {
      "median_ns": 398384.55000000005
    },
    "transcode_vs_deser/deser+json/100000": {
      "median_ns": 4137765.346153846
    },
    "transcode_vs_deser/transcode/10000": {
      "median_ns": 400029.0076388889
    },
    "transcode_vs_deser/transcode/100000": {
      "median_ns": 4179434.375
    },
    "validate_event": {
      "median_ns": 44405.03612868488
    }
  }
}
