{
  "timestamp": "2026-04-05T05:01:12Z",
  "commit": "1c8ecd5",
  "benchmarks": {
    "deserialize_trusted": {
      "median_ns": 266.0688433904879
    },
    "hex_decode_64": {
      "median_ns": 32.34989132788113
    },
    "hex_encode_32": {
      "median_ns": 21.429723613347093
    },
    "parse_client_msg": {
      "median_ns": 1393.8734464479185
    },
    "query_by_author/10000": {
      "median_ns": 344330.7316849817
    },
    "query_by_author/100000": {
      "median_ns": 354462.3344017094
    },
    "query_by_kind/10000": {
      "median_ns": 395298.61904761905
    },
    "query_by_kind/100000": {
      "median_ns": 4134993.5
    },
    "query_by_tag_e/10000": {
      "median_ns": 355648.68518518517
    },
    "query_by_tag_e/100000": {
      "median_ns": 809842.7053571428
    },
    "serialize": {
      "median_ns": 207.80801942716312
    },
    "serialize_fast": {
      "median_ns": 84.02530784788149
    },
    "transcode_vs_deser/deser+json/10000": {
      "median_ns": 397313.3730661041
    },
    "transcode_vs_deser/deser+json/100000": {
      "median_ns": 4236936.153846154
    },
    "transcode_vs_deser/transcode/10000": {
      "median_ns": 403383.5833333334
    },
    "transcode_vs_deser/transcode/100000": {
      "median_ns": 4206500.25
    },
    "validate_event": {
      "median_ns": 44459.34934277048
    }
  }
}
